Workbook

Sheet Sin Coser
A1: Artículo | B1: Artículo descripción | C1: Talle | D1: Cant
A2: 8205137 | B2: BORCEGUI R.LION WATERPROOF SD-250137 | C2: 36 | D2: =3-SUM(Enviados!B$3:B$21) -> 1
A3: 8205137 | B3: BORCEGUI R.LION WATERPROOF SD-250137 | C3: 37 | D3: =54-SUM(Enviados!C$3:C$21) -> 52
A4: 8205137 | B4: BORCEGUI R.LION WATERPROOF SD-250137 | C4: 38 | D4: =38-SUM(Enviados!D$3:D$21) -> 36
A5: 8205137 | B5: BORCEGUI R.LION WATERPROOF SD-250137 | C5: 39 | D5: =47-SUM(Enviados!E$3:E$21) -> 44
A6: 8205137 | B6: BORCEGUI R.LION WATERPROOF SD-250137 | C6: 40 | D6: =53-SUM(Enviados!F$3:F$21) -> 50
A7: 8205137 | B7: BORCEGUI R.LION WATERPROOF SD-250137 | C7: 41 | D7: =51-SUM(Enviados!G$3:G$21) -> 48
A8: 8205137 | B8: BORCEGUI R.LION WATERPROOF SD-250137 | C8: 42 | D8: =63-SUM(Enviados!H$3:H$21) -> 60
A9: 8205137 | B9: BORCEGUI R.LION WATERPROOF SD-250137 | C9: 43 | D9: =43-SUM(Enviados!I$3:I$21) -> 41

Sheet Cosidos
A1: Artículo | B1: Artículo descripción | C1: Talle | D1: Cant
A2: 8205137 | B2: BORCEGUI R.LION WATERPROOF SD-250137 | C2: 36
A3: 8205137 | B3: BORCEGUI R.LION WATERPROOF SD-250137 | C3: 37
A4: 8205137 | B4: BORCEGUI R.LION WATERPROOF SD-250137 | C4: 38
A5: 8205137 | B5: BORCEGUI R.LION WATERPROOF SD-250137 | C5: 39
A6: 8205137 | B6: BORCEGUI R.LION WATERPROOF SD-250137 | C6: 40
A7: 8205137 | B7: BORCEGUI R.LION WATERPROOF SD-250137 | C7: 41
A8: 8205137 | B8: BORCEGUI R.LION WATERPROOF SD-250137 | C8: 42
A9: 8205137 | B9: BORCEGUI R.LION WATERPROOF SD-250137 | C9: 43

Sheet Enviados
B1: TALLE
A2: FECHA | B2: 36 | C2: 37 | D2: 38 | E2: 39 | F2: 40 | G2: 41 | H2: 42 | I2: 43 | J2: TOTAL | K2: REMITO Nª
A3: 46051 | B3: 2 | C3: 2 | D3: 2 | E3: 3 | F3: 3 | G3: 3 | H3: 3 | I3: 2 | J3: =IF(SUM(B3:I3)=0,"",SUM(B3:I3)) -> 20
J4: =IF(SUM(B4:I4)=0,"",SUM(B4:I4))
J5: =IF(SUM(B5:I5)=0,"",SUM(B5:I5))
J6: =IF(SUM(B6:I6)=0,"",SUM(B6:I6))
J7: =IF(SUM(B7:I7)=0,"",SUM(B7:I7))
J8: =IF(SUM(B8:I8)=0,"",SUM(B8:I8))
J9: =IF(SUM(B9:I9)=0,"",SUM(B9:I9))
J10: =IF(SUM(B10:I10)=0,"",SUM(B10:I10))
J11: =IF(SUM(B11:I11)=0,"",SUM(B11:I11))
J12: =IF(SUM(B12:I12)=0,"",SUM(B12:I12))
J13: =IF(SUM(B13:I13)=0,"",SUM(B13:I13))
J14: =IF(SUM(B14:I14)=0,"",SUM(B14:I14))
J15: =IF(SUM(B15:I15)=0,"",SUM(B15:I15))
... J21: =IF(SUM(B21:I21)=0,"",SUM(B21:I21))
